Name,,Dmg Type,Element,Formula,State Inflict,Cost,Critical,Notes
Acorn Toss,,Hp Damage,Physical,a.atk * 1.5 - b.def * 1.5,Stun = 40%,TP Cost 25 MP Cost 0,Yes,
Peck,,HP Damage,Physical,a.atk * 1.5 - b.def * 2,Skill = +3,TP Cost 30 MP Cost 0,No,
Ram,,HP Damage,Physical,a.atk * 1.5 - b.def * 1.5,Stun = 20%,TP Cost 35 MP Cost 0,Yes,
Stab,,HP Damage,Physical,a.atk * 1.4 - b.def * 1,Bleed = 40%,TP Cost 40 MP Cost 0,Yes,
Heavy Arrow,,HP Damage,Physical,a.atk * 2 - b.def * 0.7,,TP Cost 45 MP Cost 0,No,
Slap,,HP Damage,Physical,a.atk * 1.5 - b.def * 1,Stun = 30%,TP Cost 50 MP Cost 0,Yes,52% success Rate
Drink Potion,,HP Recover,Null Element,Null,Recover 5% HP + 5,TP Cost 55 MP Cost 0,No,80% Success Rate
Crack Pot,,Hp Damage,Nature,Inflicts Poison 70% Chance,HP.Regen -10%,TP Cost 60 MP Cost 0,No,
Tail Slap,,Hp Damage,Physical,a.atk * 1.7 - b.def * 0.8,Confusion = 20%,TP Cost 35 MP Cost 15,Yes,
Harden Body,,Buff,Null Element,Null,Block = 100%,TP Cost 40 MP Cost 20,Null,
Chomp,,Hp Damage,Physical,a.atk * 3 - b.def * 0.5,"Skill = +3, Bleed = 100%",TP Cost 45 MP Cost 25,Yes,
Root Claws,,Hp Damage,Nature,a.atk * 1.2 - b.def * 1,Skill = +3 Bleed =  100%,TP Cost 50 MP Cost 30,Yes,
Heavy Kick,,Hp Damage,Physical,a.atk * 2.5 - b.def * 0.8,Defense_Down = 60%,TP Cost 55 MP Cost 0,Yes,
Running In Circles,,Buff,Null Element,Null,Evasion_Up = 100%,TP Cost 60 MP Cost 0,Null,
Rock Drop,,Hp Damage,Physical,a.atk * 2 - b.def * 0.5,Stun = 100%,TP Cost 65 MP Cost 0,Yes,
Sap Spit,,Hp Damage,Nature,a.atk * 1 - b.def * 0.6,"Evasion_Down = 60%, Agility_Down = 60%",TP Cost 30 MP Cost 0,No,
Big Splash,,Hp Damage,Water,a.mat * 2.5 - b.mdf * 1,"Accuracy_Down = 100%, Stun = 90%",TP 40 MP 50,Yes,
Belch,,Hp Damage,Nature,a.atk * 1 - b.def * 0.5,"Poison = 100%, Blind = 40%",TP 35,Yes,
Tighten Bark,,Buff,Nature,Null,Guards_Ward = 100%,TP 20,Null,
Bark Shard Throw,,Hp Damage,Nature,a.atk * 2 - b.def * 0.8,"Bleed = 60%,  Agi Down = 45%",TP 30,No,
Acid Splash,,Hp Damage,Nature,a.atk * 1 - b.def * 0.4,"Defense_Down = 60%, Attack_Down = 60%",TP 27,No,
Liquify Reserves,,Buff,Nature,Null,"HP.Regen =20%, Tp.Regen +10",TP 30,Null,
Slime Tendrils,,Hp Damage,Physical,a.atk * 1 - b.def * 0.6,,TP 35,Yes,
Tail Slam,,Hp Damage,Physical,a.atk * 2.8 - b.def * 1.2,Stun = 35%,TP 28,No,
Constrict,,Hp Damage,Physical,a.atk * 1 - b.def * 0.6,"Agility_Down = 20%, Defense_Down = 30%",TP 30,No,
Venom Fang,,Hp Damage,Nature,a.atk * 2 - b.def * 1.3,"Poison = 60%, Bleed = 60%",TP 27,No,
Serpents Intincts,,Hp Damage,Nature,Null,Serpents_Insticts 100%,TP 25,Null,
Ground Stomp,,Hp Damage,Physical,a.mat * 2 - b.mdf * 0.5,"Agility_Down = 100%, Stun = 100%",TP 28 MP 20,Yes,
Treants Roar,,Hp Damage,Physical,a.mat * 1.3 - b.mdf * 0.4,Fear = 60%,TP 22 MP 25,No,
,,,,,,,,
Rapid Slashes,,Hp Damage,Physical,a.atk * 1.1 - b.def * 0.5,Skill.Use = 4,TP 30,Yes,
Gut Punch,,Hp Damage,Physical,a.atk * 2 - b.def * 1 + 4,"Evasion_Down = 70%, Attack_Down = 50%",TP 27,Yes,
Mage Bolt,,Hp Damage,Null Element,a.mat * 1- b.mdf * 0.5 + 4,Magic_Defense_Down = 70%,TP 16 MP 26,Yes,
Flaming Iron Ingot,,Hp Damage,Fire,a.mat * 1.3 - b.mdf * 0.6 + 1,Burn = 70%,TP 30 MP 25,Yes,
Hammer Bash,,Hp Damage,Physical,a.atk * 1.1 - b.def * 0.6 + 2,"Magic_Attack_Down = 70%, Stun = 50%",TP 25,Yes,
Frenzy,,Buff,Physical,Null,Atk & Acc Up 100%,TP 25,Null,
Predators Claw,,Hp Damage,Physical,a.atk * 2.1 - b.def * 0.6,Skill.Use = 6,TP 35,Yes,
Den Guard Stance,,Buff,Physical,Null,Den_Guard_Stance = 100%,TP 30,Null,
Call For Aid,,Buff,Null Element,Null,"Summon.Ally = (1), Wahshshling, Mature Wahsh, Wahsh Hunter)",TP 40 MP 30,Null,
Apex Focus,,Buff,Null Element,Null,Apex_Predator = 100%,TP Cost 35,Null,
Massacre Claw,,Hp Damage,Physical,a.atk * 1.1 - b.def * 0.6 + 2,Heavy Bleed 100%,TP Cost 40,,
Emperors Will,,Buff,Physical,Null,Natures warmth & Speed up 100%,TP Cost 30 MP Cost 20,Null,
Gladiolus Bloom,,Hp Damage,Nature,a.mat * 3.2- b.mdf * 1 + 10,Hp Drain 4 times,TP Cost 25 MP Cost 15,,
Earth Spear,,Hp Damage,Earth,a.mat * 2 - b.mdf * 0.7 + 5,M.defense down 80%,TP Cost 30,,
Boulder Throw,,Hp Damage,Earth,a.mat * 1.5- b.mdf * 0.9 + 5,Stun 45%,TP Cost 35,,
Earth Shield,,Buff,Earth,Null,Shield of x%,TP Cost 40 MP Cost 25,Null,
Paw Press,,Hp Damage,Physical,a.atk * 2.1 - b.def * 0.6 + 6,Agi Down 90%,TP Cost 30,,
Third Eye,,Buff,Null Element,Null,Speed up 100%,TP Cost 35,Null,
Cannonball Roll,,Hp Damage,Physical,a.atk * 1.5 - b.def * 0.5 + 6,Stun 45%,TP Cost 25,,
Quick Shot,,Hp Damage,Physical,a.atk * 2.1 - b.def * 0.6 + 6,Null,TP Cost 30,,
Throw Earth Dust,,Hp Damage,Earth,a.mat * 1- b.mdf * 0.7 + 2,Blind 90%,TP Cost 35 MP Cost 20,,
Heavy Gust,,Hp Damage,Wind,a.mat * 2.5- b.mdf * 1 + 5,Agi Down 90%,TP Cost 40,,
Shattering Screech,,Hp Damage,Wind,a.mat * 1- b.mdf * 0.5 + 6,Silence 100% ,TP Cost 45 MP Cost 30,,
Thunder Waves,,Hp Damage,Thunder,a.mat * 2.5- b.mdf * 0.7 + 7,Atk & M.Atk down 100%,TP Cost 35,,
Energy Breath,,Hp Damage,Null Element,a.mat * 3.3- b.mdf * 1 + 0,Null,TP Cost 40 MP Cost 25,,
Claw Strike,,Hp Damage,Physical,a.atk * 1 - b.def * 0.6,Heavy Bleed 100%,TP Cost 30,,
Lesser Dragon Force,,Hp Damage,Null Element,a.mat * 1- b.mdf * 0.5 + 4,Dizzyness 100%,TP Cost 35,,
Engulfing Grasp,,Hp Drain,Darkness,a.mat * 1.3 - b.mdf * 0.5 + 4,Eva & M.Eva Down 100%,TP Cost 40 MP Cost 30,,
Spread Of Darkness,,Hp Damage,Darkness,a.mat * 1.4 - b.mdf * 0.6 + 7,Weakened 100%,TP Cost 45 MP Cost 35,,
Mutation,,Buff,Null Element,Null,Perma Stat Increase during Fight,TP Cost 35,Null,
Evil Pulse,,Hp Damage,Darkness,a.mat * 1.5- b.mdf * 0.6 + 5,M.Atk & M.Def Down 100%,TP Cost 40,,
Behemoth Punch,,Hp Damage,Physical,a.atk * 2.5  - b.def * 0.8 + 10,Stun 100% Agi Down 70%,TP Cost 45 MP Cost 30,,
Dark Slash,,Hp Damage,Darkness,a.mat * 3- b.mdf * 0.9 + 5,Heavy Bleed 100%,TP Cost 50 MP Cost 40,,
Umbra Born,,Buff,Darkness,Null,Acc & Atk Up 100% + Rec 10% hp,TP Cost 40,Null,
Twin Strike,,Hp Damage,Physical,a.atk * 2 - b.def * 0.8,Attacks Twice,TP Cost 45 MP Cost 35,,
Phantom Stab,,Hp Damage,Darkness,a.atk * 2.5 - b.def * 0.5 + 5,Dark Ailment 100%,TP Cost 50 MP Cost 45,,
Dual Blade,,Hp Damage,Physical,a.atk * 1 - b.def * 0.6,Null,TP Cost 55 MP Cost 50,,
Of The Abyss,,Buff,Darkness,Null,Abyss Touched 100%,TP Cost 45,Null,
Flay Living,,Hp Damage,Darkness,a.atk * 1 - b.def * 0.6,Bleed 100% ,TP Cost 50 MP Cost 40,,
Darkfire,,Hp Damage,Darkness + Fire,a.mat * 1.3- b.mdf * 0.8 + 5,Burn 60% - Dark Ailment 40%,TP Cost 40 MP Cost 30,,
Skittering,,Hp Damage,Darkness,a.atk * 1.4 - b.def * 0.7,Accuracy Down 100%,TP Cost 45 MP Cost 35,,
Blood Drink,,Hp Drain,Darkness,a.mat * 1.1- b.mdf * 0.7 + 5,HP Drain,TP Cost 50,,
Cry Of Agony,,Hp Damage,Darkness,a.mat * 2.1- b.mdf * 1,Fear 100%,TP Cost 55 MP Cost 45,,
Unatural Energys,,Buff,Null Element,Null,M.Atk & Atk Up * 110%,TP Cost 35,Null,
Bolt Of Corruption,,Hp Damage,Darkness,a.mat * 1.5- b.mdf * 0.7 + 5,Dark Ailment 58% ,TP Cost 40,,
Dark Briar,,Hp Damage,Darkness,a.mat * 1.3- b.mdf * 0.6 + 3,Null,TP Cost 30 MP Cost 20,,
Abyssal Missle,,Hp Damage,Darkness,a.mat * 2.5- b.mdf * 0.9,Stun 50%,TP Cost 25 MP Cost 15,,
Runes Of Darkness,,Hp Damage,Darkness,a.mat * 1.4- b.mdf * 0.6 + 4,Weakened 100%,TP Cost 30,,
Dark Flight,,Buff,Darkness,Null,Evasion + 100% Allows use of Dark impale,TP Cost 35,,
Dark Impale,,Hp Damage,Darkness,a.mat * 2.3- b.mdf * 1 + 10,Heavy Bleed 100%,TP Cost 40 MP Cost 25,,
Call To The Netherworld,,Buff,Null Element,Null,Calls a Demon to Aid the boss.,TP Cost 30,Null,
Chaos Bolt,,Hp Damage,Darkness + Fire,a.mat * 2.5- b.mdf * 1 + 5,Dark Ailment 80% ,TP Cost 35,,
Blessed By Darkness,,Buff,Darkness,Null,"Hp regen Per Turn buff, Atk Count +1",TP Cost 25,Null,
Demonic Flurry,,Hp Damage,Darkness,a.mat * 1.5- b.mdf * 0.7 + 5,Heavy Bleed 100%,TP Cost 30,,
Twisted Fate,,Hp Damage,Darkness,a.mat * 2.6- b.mdf * 0.8 + 10,Damaged Soul + 100%,TP Cost 35,,
Desert Area,,,,,,,,
Sand Shroud,,Buff,Earth,Null,"Applies ""Sand Armor"" to self",TP Cost 40,,
Scorching Touch,,HP Damage,Fire,a.mat * 1.8 - b.mdf * 0.7 + 15,"Effect: Applies ""Scorched"" 60% chance",TP Cost 45 MP Cost 30,,
Illusion Weave:,,Buff,Light,Null,"Applies ""Mirage Veil"" to self",TP Cost 35,,
Reality Distortion,,Debuff,Light,Null,"Applies ""Sunblind"" to target 70% chance",TP Cost 40 MP Cost 25,,
Sun's Blessing,,Buff,Fire,Null,Solar Empowerment,TP Cost 30,,
Dehydrating Slash,,HP Damage,Fire,a.atk * 2.3 - b.def * 0.7 + 23,"Dehydration"" 50% chance",TP Cost 35,,
Quicksand Trap,,Debuff,Earth,Null,"Applies ""Quicksand Grip",TP Cost 40 MP Cost 30,,
Emerge and Swallow,,Hp Damage,Earth,a.atk * 3.0 - b.def * 0.5 + 30,"Damage increases if target has ""Quicksand Grip""",TP Cost 45 MP Cost 35,,
Sand Vortex,,HP Damage,Earth,a.mat * 2.2 - b.mdf * 0.8 + 22,"Quicksand Grip"" 70% chance",TP Cost 35,,
Desiccating Bite,,HP Damage,Physical,a.atk * 2.4 - b.def * 0.7 + 24,"""Dehydration"" 60% chance",TP Cost 40,,
Mirage Step,,Buff,Light,Null,"Applies ""Mirage Veil"" to sel",TP Cost 45 MP Cost 30,,
Desert Strike,,HP Damage,Physical,a.atk * 2.5 - b.def * 0.6 + 25,"""Sunblind"" 50% chance",TP Cost 50 MP Cost 40,,
Burrow,,Buff,Earth,Null,"""Sand Armor"" to self",TP Cost 40,,
Venomous Sting,,HP Damage,Nature,a.mat * 2.1 - b.mdf * 0.7 + 21,"""Desert Fever"" 70% chance",TP Cost 45 MP Cost 35,,
Solar Scales,,Buff,Light,Null,"Applies ""Solar Empowerment"" to self",TP Cost 35 MP Cost 25,,
Python Constrict,,HP Damage,Physical,a.atk * 2.2 - b.def * 0.6 + 22,"""Quicksand Grip"" 80% chance",TP Cost 40 MP Cost 30,,
Solar Flare,,HP Damage,Fire,a.mat * 2.6 - b.mdf * 0.7 + 26,"""Scorched"" 70% chance",TP Cost 45,,
Dehydrating Breath,,HP Damage,Fire,a.mat * 2.2 - b.mdf * 0.8 + 22,"Dehydration"" 60% chance to all enemies",TP Cost 50 MP Cost 40,,
Temporal Distortion,,Debuff,Light,Null,"Temporal Flux"" to target",TP Cost 40,,
Time Fracture,,HP Damage,Light,a.atk * 2.5 - b.def * 0.7 + 25,"""Time Fracture"" 50% chance",TP Cost 45 MP Cost 35,,
Timeless Aegis,,Buff,Light,Null,"Applies ""Temporal Flux"" to self",TP Cost 50 MP Cost 45,,
Chrono Blast,,HP Damage,Light,a.mat * 2.8 - b.mdf * 0.6 + 28,"Time Fracture"" 60% chance to target",TP Cost 55 MP Cost 50,,
Solar Blessing,,Buff,Light,Null,"Solar Empowerment"" to self and all allies",TP Cost 45,,
Radiant Burst,,HP Damage,Light,a.mat * 3.0 - b.mdf * 0.7 + 30,"Applies ""Scorched"" 80% chance, ""Sunblind"" 50% chance",TP Cost 50 MP Cost 40,,
Volcano Area,,,,,,,,
Magma Shell,,Buff,Fire,Null,"Applies ""Magma Armor"" to self",TP Cost 40 MP Cost 30,,
Inferno Claw,,HP Damage,Fire,a.atk * 2.7 - b.def * 0.6 + 27,"""Scorched"" 75% chance",TP Cost 45 MP Cost 35,,
Curse of the Wastes,,Debuff,Darkness,Null,"Desert Fever"" to target",TP Cost 50,,
Void Bolt,,HP Damage,Darkness,a.mat * 2.9 - b.mdf * 0.7 + 29,"Dehydration"" 50% chance",TP Cost 55 MP Cost 45,,
Volcanic Surge,,Buff,Fire,Null,"Volcanic Instability"" to self",TP Cost 40 MP Cost 30,,
Pyroclastic Flow,,HP Damage,Fire,a.mat * 3.1 - b.mdf * 0.7 + 31,"Lava Flow"" 70% chance to all enemies",TP Cost 45 MP Cost 35,,
Flame Aegis,,Buff,Fire,Null,"""Magma Armor"" to self",TP Cost 35,,
Searing Blade,,HP Damage,Fire,a.atk * 3.0 - b.def * 0.6 + 30,"Scorched"" 80% chance",TP Cost 40 MP Cost 30,,
Magma Surge,,HP Damage,Fire,a.mat * 3.2 - b.mdf * 0.7 + 32,"""Lava Flow"" 75% chance",TP Cost 45 MP Cost 35,,
Consume Heat,,Hp Drain,Fire,.mat * 2.5 - b.mdf * 0.8 + 25,"Drains HP, removes ""Scorched"" state from self if present",TP Cost 40,,
Molten Smash,,HP Damage,Fire,a.atk * 3.3 - b.def * 0.6 + 33,"Lava Flow"" 60% chance",TP Cost 50 MP Cost 40,,
Ash Stomp,,Debuff,Fire,Null,"Ash Cloud"" to all battlers",TP Cost 45 MP Cost 35,,
Infernal Roar,,Debuff,Fire,Null,"""Sunblind"" and ""Desert Fever"" to all enemies",TP Cost 40 MP Cost 30,,
Blazing Tempest,,HP Damage,Fire,a.mat * 3.5 - b.mdf * 0.7 + 35,"applies ""Scorched"" 90% chance",TP Cost 45,,
Cinder Storm,,HP Damage,Fire,a.mat * 3.7 - b.mdf * 0.7 + 37,"applies ""Ash Cloud"" to all battlers",TP Cost 50 MP Cost 40,,
Corrupting Flame,,HP Damage,Darkness + Fire,(a.mat * 2.0 - b.mdf * 0.6) + (a.mat * 2.0 - b.mdf * 0.6) + 40,"""Scorched"" and ""Desert Fever"" 70% chance",TP Cost 40,,
Draconic Infusion,,Buff,Null Element,Null,"""Draconic Might"" to self",TP Cost 45 MP Cost 35,,
Molten Fist,,HP Damage,Fire + Physical,(a.atk * 2.0 - b.def * 0.6) + (a.mat * 2.0 - b.mdf * 0.6) + 45,"Applies ""Magma Armor"" to self 50% chance",TP Cost 35 MP Cost 25,,
Corrupted Breath,,HP Damage,Darkness + Fire,(a.mat * 2.2 - b.mdf * 0.7) + (a.mat * 2.2 - b.mdf * 0.7) + 50,"Applies ""Dragonfire"" 80% chance",TP Cost 40 MP Cost 30,,
Possessed Rampage,,HP Damage,Physical,a.atk * 4.0 - b.def * 0.5 + 55,Hits random enemies 3-5 times,TP Cost 45,,
Dynasty Ruins,,,,,,,,
Ancient Curse,,Debuff,Null Element,Null,"""Desert Fever"" and ""Time Fracture""",TP Cost 50 MP Cost 40,,
Bandage Wrap,,HP Damage,Physical,a.atk * 3.4 - b.def * 0.7 + 34,"""Quicksand Grip"" 70% chance",TP Cost 40 MP Cost 30,,
Forgotten Knowledge,,Buff,Null Element,Null,"Applies ""Temporal Flux"" to self and all allies",TP Cost 45 MP Cost 35,,
Echoing Scream,,HP Damage,Light,a.mat * 3.5 - b.mdf * 0.7 + 35,"Sunblind"" 60% chance to all enemies",TP Cost 35,,
Unbreakable Vow,,Buff,Null Element,Null,"Applies ""Sand Armor"" and ""Mirage Veil"" to self",TP Cost 40 MP Cost 30,,
Oath-Sealed Strike,,HP Damage,Physical,a.atk * 3.6 - b.def * 0.6 + 36,Damage increases if user has low HP,TP Cost 45 MP Cost 35,,
Divine Supplication,,Buff,Light,Null,"Applies ""Solar Empowerment"" to all allies",TP Cost 50 MP Cost 40,,
Idol's Wrath,,HP Damage,Light,a.mat * 3.5 - b.mdf * 0.7 + 35,"Applies ""Sunblind"" 70% chance",TP Cost 40,,
Royal Decree,,Debuff,Light,Null,"Time Fracture"" to all enemies",TP Cost 45 MP Cost 35,,
Noble's Scorn,,HP Damage,Physical,a.atk * 3.7 - b.def * 0.6 + 37,"Desert Fever"" 50% chance",TP Cost 35 MP Cost 25,,
Crystalline Fortification,,Buff,Null Element,Null,"Applies ""Crystallized"" to self",TP Cost 40 MP Cost 30,,
Gem-Encrusted Slam,,HP Damage,Physical,a.atk * 3.8 - b.def * 0.5 + 38,"Damage increases if user has ""Crystallized""",TP Cost 45,,
Corrupted Royalty,,Buff,Darkness,Null,"Applies ""Draconic Might"" and ""Volcanic Instability"" to self",TP Cost 50 MP Cost 40,,
Fallen Crown Strike,,HP Damage,Darkness + Physical,(a.atk * 2.0 - b.def * 0.6) + (a.mat * 2.0 - b.mdf * 0.6) + 45,"Desert Fever"" 60% chance",TP Cost 40 MP Cost 30,,
Divine Resonance,,Buff,Light,Null,"Solar Empowerment"" and ""Temporal Flux"" to all allies",TP Cost 45 MP Cost 35,,
Wrath of the Forgotten,,HP Damage,Light,a.mat * 4.0 - b.mdf * 0.7 + 50,"""Sunblind"" and ""Time Fracture"" 75% chance",TP Cost 35,,
Imperial Mandate,,Buff,Null Element,Null,"Applies ""Draconic Might"" to self and ""Solar Empowerment"" to all allies",TP Cost 40 MP Cost 30,,
Tyrant's Judgment,,HP Damage,Light + Darkness,(a.mat * 2.5 - b.mdf * 0.7) + (a.mat * 2.5 - b.mdf * 0.7) + 55,"""Time Fracture"" and ""Desert Fever"" 80% chance",TP Cost 45 MP Cost 35,,
Ice Continent,,,,,,,,
Glacial Burrow,,Buff,Ice,Null,"Applies ""Frost Armor"" to self",TP Cost 50 MP Cost 40,,
Freezing Bite,,HP Damage,Ice,a.atk * 3.8 - b.def * 0.6 + 38,"""Hypothermia"" 70% chance",TP Cost 40,,
Permafrost Shell,,Buff,Ice,Null,"Applies ""Frost Armor"" and ""Crystallized"" to self",TP Cost 45 MP Cost 35,,
Avalanche Slam,,HP Damage,Ice + Phyiscal,(a.atk * 2.2 - b.def * 0.5) + (a.mat * 2.2 - b.mdf * 0.7) + 45,"Applies ""Frozen Solid"" 50% chance",TP Cost 35 MP Cost 25,,
Soul Freeze,,Debuff,Ice,Null,"Applies ""Hypothermia"" and ""Time Fracture"" to target",TP Cost 40 MP Cost 30,,
Spectral Ice Lance,,HP Damage,Ice,a.mat * 4.0 - b.mdf * 0.7 + 40,Effect: Ignores target's ice resistance,TP Cost 45 MP Cost 35,,
Frost Howl,,Debuff,Ice,Null,"Applies ""Hypothermia"" to all enemies",TP Cost 35,,
Icy Pounce,,HP Damage,Ice + Phyiscal,a.atk * 3.9 - b.def * 0.6 + 39,"applies ""Frozen Solid"" 40% chance",TP Cost 40 MP Cost 30,,
Deathly Chill,,Debuff,Ice,a.mat * 4.1 - b.mdf * 0.7 + 41,"""Hypothermia"" 80% chance",TP Cost 45 MP Cost 35,,
Rimefrost Touch,,HP Damage,Ice + Phyiscal,(a.atk * 2.3 - b.def * 0.6) + (a.mat * 2.3 - b.mdf * 0.7) + 46,"Effect: Applies ""Frozen Solid"" 60% chance",TP Cost 45,,
Arctic Camouflage,,Buff,Ice,Null,"""Mirage Veil"" and ""Frost Armor"" to self",TP Cost 30 MP Cost 20,,
Glacial Arrow,,HP Damage,Ice + Phyiscal,(a.atk * 2.4 - b.def * 0.5) + (a.mat * 2.4 - b.mdf * 0.7) + 48,"Applies ""Hypothermia"" 70% chance",TP Cost 45 MP Cost 35,,
Blizzard Ritual,,Buff,Ice,Null,"Applies ""Glacial Momentum"" to all allies",TP Cost 35,,
Frostbite Curse,,HP Damage,Ice,a.mat * 4.3 - b.mdf * 0.7 + 43,"Applies ""Hypothermia"" and ""Time Fracture"" 65% chance",TP Cost 50 MP Cost 40,,
Blood Freeze,,Debuff,Ice,a.mat * 3.0 - b.mdf * 0.8 + 30,"Drains HP, applies ""Hypothermia"" 75% chance",TP Cost 45 MP Cost 35,,
Icy Leech,,Hp Drain,Ice,Null,"Applies ""Frozen Solid"" to target and ""Frost Armor"" to self",TP Cost 40,,
Glacial Roar,,Debuff,Ice,Null,"""Hypothermia"" to all enemies and ""Glacial Momentum"" to self",TP Cost 40 MP Cost 30,,
Absolute Zero Breath,,HP Damage,Ice,a.mat * 4.5 - b.mdf * 0.7 + 45,"applies ""Frozen Solid"" 70% chance",TP Cost 55 MP Cost 45,,
Tribal Frost Ritual,,Buff,Ice,Null,"Applies ""Absolute Zero"" to self and ""Frost Armor"" to all allies",TP Cost 40,,
Frozen Throne Smash,,HP Damage,Ice + Phyiscal,(a.atk * 2.8 - b.def * 0.6) + (a.mat * 2.8 - b.mdf * 0.7) + 56,"Applies ""Frozen Solid"" 80% chance",TP Cost 50 MP Cost 40,,
Arctic Hunter's Howl,,Buff,Ice,Null,"""Glacial Momentum"" and ""Frost Regeneration"" to self",TP Cost 35 MP Cost 25,,
Fang of Winter,,HP Damage,Ice + Phyiscal,(a.atk * 2.9 - b.def * 0.5) + (a.mat * 2.9 - b.mdf * 0.7) + 58,"""Hypothermia"" and ""Soul Freeze"" 75% chance",TP Cost 50,,
Polar Vortex,,Debuff,Ice,Null,"""Hypothermia"" and ""Frozen Solid"" to all enemies",TP Cost 45 MP Cost 35,,
Absolute Zero Devastation,,HP Damage,Ice,a.mat * 5.0 - b.mdf * 0.7 + 60,"applies ""Soul Freeze"" 90% chance",TP Cost 60 MP Cost 50,,
Arch-Devil Citadel,,,,,,,,
Infernal Aegis,,Buff,Fire,Null,"Applies ""Magma Armor"" and ""Molten Core"" to self",TP Cost 35,,
Hellfire Lance,,HP Damage,Darkness + Fire,(a.atk * 2.7 - b.def * 0.6) + (a.mat * 2.7 - b.mdf * 0.7) + 54,"Applies ""Scorched"" and ""Demonic Possession"" 60% chance",TP Cost 50 MP Cost 40,,
Corrupting Touch,,Debuff,Darkness,Null,"Applies ""Demonic Possession"" and ""Desert Fever"" to target",TP Cost 40 MP Cost 30,,
Soul Rend:,,HP Damage,Darkness + Physical,a.mat * 4.6 - b.mdf * 0.7 + 46,"Applies ""Soul Freeze"" 80% chance",TP Cost 45,,
Embrace of Corruption,,Buff,Darkness,Null,"Applies ""Draconic Might"" and ""Volcanic Instability"" to self",TP Cost 35 MP Cost 25,,
Void Blast,,HP Damage,Darkness + Physical,a.mat * 4.7 - b.mdf * 0.7 + 47,"Applies ""Time Fracture"" and ""Demonic Possession"" 70% chance",TP Cost 50 MP Cost 40,,
Unholy Prayer,,Debuff,Darkness,Null,"Applies ""Demonic Possession"" to all enemies and ""Draconic Might""",TP Cost 40,,
Sacrificial Strike,,HP Damage,Darkness + Physical,(a.atk * 3.0 - b.def * 0.5) + (a.mat * 3.0 - b.mdf * 0.7) + 58,"Damages user for 10% max HP, applies ""Soul Freeze"" 85% chance",TP Cost 55 MP Cost 45,,
Ash Cloud,,HP Damage,Null Element,Null,"Applies ""Ash Cloud"" to all battlers",TP Cost 35 MP Cost 25,,
Burning Claw,,HP Damage,Fire,a.atk * 4.8 - b.def * 0.6 + 48,"Applies ""Scorched"" and ""Desert Fever"" 75% chance",TP Cost 50 MP Cost 40,,
Demonic Absorption,,Buff,Null Element,Null,"Applies ""Draconic Might"" and ""Molten Core"" to self",TP Cost 45 MP Cost 35,,
Hellfire Breath,,HP Damage,Darkness + Fire,(a.mat * 3.1 - b.mdf * 0.7) + (a.mat * 3.1 - b.mdf * 0.7) + 62,"Hits all enemies, applies ""Scorched"" and ""Demonic Possession"" 80% chance",TP Cost 55,,
Abyssal Charge,,Buff,Darkness,Null,"Applies ""Glacial Momentum"" and ""Magma Armor"" to self",TP Cost 40 MP Cost 30,,
Soul-Piercing Lance,,HP Damage,Darkness + Physical,(a.atk * 3.2 - b.def * 0.5) + (a.mat * 3.2 - b.mdf * 0.7) + 64,"Effect: Ignores target's defense, applies ""Soul Freeze"" 90% chance",TP Cost 50 MP Cost 40,,
Soul Link,,Buff,Darkness,Null,"Applies ""Soulbound"" to self and one ally",TP Cost 35,,
Ethereal Blast,,HP Damage,Darkness,a.mat * 4.9 - b.mdf * 0.7 + 49,"Effect: Damage is split between all targets with ""Soulbound""",TP Cost 55 MP Cost 45,,
Infernal Bulwark,,Buff,Fire,Null,"Applies ""Hellfire Aura"" and ""Magma Armor"" to self",TP Cost 45 MP Cost 35,,
Demon's Reach,,HP Damage,Fire + Physical,(a.atk * 3.3 - b.def * 0.6) + (a.mat * 2.0 - b.mdf * 0.7) + 65,"Applies ""Scorched"" 75% chance",TP Cost 60 MP Cost 50,,
Soul Harvest,,Hp Drain,Darkness,a.mat * 3.5 - b.mdf * 0.8 + 70,"applies ""Abyssal Curse"" 70% chance",TP Cost 40,,
Flaying Strike,,HP Damage,Physical,a.atk * 5.0 - b.def * 0.6 + 50,"Applies ""Bleed"" and ""Soul Freeze"" 80% chance",TP Cost 55 MP Cost 45,,
Whispers of Madness,,Debuff,Darkness,Null,"Applies ""Void Touched"" and ""Time Fracture"" to all enemies",TP Cost 40 MP Cost 30,,
Corrupting Knowledge,,HP Damage,Darkness,a.mat * 5.1 - b.mdf * 0.7 + 51,"Applies ""Abyssal Curse"" and ""Desert Fever"" 75% chance",TP Cost 55 MP Cost 45,,
Noble's Command,,Buff,Null Element,Null,"Applies ""Draconic Might"" to self and ""Hellfire Aura"" to all allies",TP Cost 40,,
Shadowflame Eruption,,HP Damage,Darkness + Fire,3.0 - b.mdf * 0.7) + (a.mat * 3.0 - b.mdf * 0.7) + 75,"applies ""Scorched"" and ""Void Touched"" 85% chance",TP Cost 60 MP Cost 50,,
Shadow Veil,,Buff,Darkness,Null,"Applies ""Mirage Veil"" and ""Glacial Momentum"" to self",TP Cost 35 MP Cost 25,,
Void Assassinate,,HP Damage,Darkness + Physical,(a.atk * 4.0 - b.def * 0.5) + (a.mat * 3.0 - b.mdf * 0.7) + 80,"Always hits first, applies ""Soul Freeze"" and ""Bleed"" 90% chance",TP Cost 55 MP Cost 45,,
Lord of Hell,,Buff,Darkness + Fire,Null,"Applies ""Hellfire Aura"", ""Draconic Might"", and ""Volcanic Instability"" to self",TP Cost 45 MP Cost 35,,
Apocalyptic Hellfire,,HP Damage,Darkness + Fire,(a.mat * 4.0 - b.mdf * 0.7) + (a.mat * 4.0 - b.mdf * 0.7) + 100,"Hits all enemies, applies ""Scorched"", ""Abyssal Curse"", and ""Void Touched"" 95% chance",TP Cost 65 MP Cost 55,,
Fang Of the fallen God,,,,,,,,
Parasitic Fusion,,Buff,Null Element,Null,"Applies ""Frost Armor"" and ""Soulbound"" to self and one ally",TP Cost 35,,
Bone Chill Strike,,HP Damage,Ice + Phyiscal,(a.atk * 3.5 - b.def * 0.6) + (a.mat * 2.5 - b.mdf * 0.7) + 70,"Applies ""Hypothermia"" and ""Crystallized"" 80% chance",TP Cost 50 MP Cost 40,,
Divine Resonance,,Buff,Light,Null,"Applies ""Temporal Flux"" and ""Solar Empowerment"" to self",TP Cost 40 MP Cost 30,,
Shattered Divinity,,HP Damage,Light + Darkness,(a.mat * 3.5 - b.mdf * 0.7) + (a.mat * 3.5 - b.mdf * 0.7) + 85,"Applies ""Time Fracture"" and ""Void Touched"" 85% chance",TP Cost 60 MP Cost 50,,
Ethereal Decay,,Debuff,Darkness,Null,"Applies ""Abyssal Curse"" and ""Soul Freeze"" to all enemies",TP Cost 45,,
Spectral Wail,,HP Damage,Darkness,a.mat * 5.5 - b.mdf * 0.7 + 55,"Ignores target's magic defense, applies ""Fear"" 90% chance",TP Cost 65 MP Cost 55,,
Enamel Fortification,,Buff,Light,Null,"Applies ""Crystallized"" and ""Reflection"" to self",TP Cost 40 MP Cost 30,,
Molar Crush,,HP Damage,Physical,a.atk * 5.6 - b.def * 0.6 + 56,"Effect: Applies ""Stunned"" 70% chance",TP Cost 55 MP Cost 45,,
Frost Scavenge,,Buff,Ice + Phyiscal,Null,"Applies ""Frost Regeneration"" and ""Frost Armor"" to self",TP Cost 35,,
Icy Claw Swipe,,HP Damage,Ice + Phyiscal,(a.atk * 3.6 - b.def * 0.6) + (a.mat * 2.6 - b.mdf * 0.7) + 72,"Applies ""Hypothermia"" 80% chance",TP Cost 50 MP Cost 40,,
Permafrost Stomp,,HP Damage,Ice + Phyiscal,a.mat * 5.7 - b.mdf * 0.7 + 57,"Hits all enemies, applies ""Frozen Solid"" 75% chance",TP Cost 45 MP Cost 35,,
Colossus Roar,,Debuff,Light,Null,"Applies ""Sunblind"" and ""Deafened"" to all enemies",TP Cost 65 MP Cost 55,,
Crystal Scales,,Buff,Light,Null,"Applies ""Reflection"" and ""Light Absorption"" to self",TP Cost 40,,
Prism Beam,,HP Damage,Light,a.mat * 5.8 - b.mdf * 0.7 + 58,"Hits all enemies, applies ""Blinded"" 85% chance",TP Cost 60 MP Cost 50,,
Energy Flux,,Buff,Light,Null,"Applies ""Temporal Flux"" and ""Volcanic Instability"" to self",TP Cost 45 MP Cost 35,,
Core Burst,,HP Damage,Light + Fire,(a.mat * 3.7 - b.mdf * 0.7) + (a.mat * 3.7 - b.mdf * 0.7) + 90,"Applies ""Scorched"" and ""Time Fracture"" 80% chance",TP Cost 70 MP Cost 60,,
Divine Radiance,,Buff,Light,Null,"Applies ""Solar Empowerment"" and ""Light Absorption"" to all allies",TP Cost 50 MP Cost 40,,
Judgment Ray,,HP Damage,Light,a.mat * 5.9 - b.mdf * 0.7 + 59,"Ignores target's magic defense, applies ""Sunblind"" and ""Weakened"" 90% chance",TP Cost 75 MP Cost 65,,
Light Reave,,Hp Drain,Light,a.mat * 4.0 - b.mdf * 0.8 + 80,"Drains HP, applies ""Void Touched"" 75% chance",TP Cost 55 MP Cost 45,,
Radiant Slash,,HP Damage,Light + Physical,(a.atk * 3.8 - b.def * 0.6) + (a.mat * 3.8 - b.mdf * 0.7) + 95,"Applies ""Blinded"" and ""Bleeding"" 85% chance",TP Cost 80 MP Cost 70,,
Echoing Divinity,,Buff,Light,Null,"Applies ""Mirage Veil"" and ""Light Absorption"" to self",TP Cost 60 MP Cost 50,,
Resonating Light,,HP Damage,Light,.mat * 6.0 - b.mdf * 0.7 + 60,"Hits all enemies, damage increases for each buff on user",TP Cost 85 MP Cost 75,,
Memory Flux,,Debuff,Light + Darkness,Null,"""Amnesia"" and ""Time Fracture"" to all enemies",TP Cost 65 MP Cost 55,,
Forgotten Power,,HP Damage,Light + Darkness,(a.mat * 4.0 - b.mdf * 0.7) + (a.mat * 4.0 - b.mdf * 0.7) + 100,"Applies ""Void Touched"" and ""Soul Freeze"" 90% chance",TP Cost 90 MP Cost 80,,
Corrupted Transfusion,,Hp Drain,Darkness,a.mat * 4.5 - b.mdf * 0.8 + 90,"Drains HP, applies ""Abyssal Curse"" 85% chance",TP Cost 70 MP Cost 60,,
Hemoglobin Burst,,HP Damage,Darkness + Physical,(a.atk * 4.0 - b.def * 0.6) + (a.mat * 4.0 - b.mdf * 0.7) + 105,"Hits all enemies, applies ""Bleeding"" and ""Weakened"" 95% chance",TP Cost 95 MP Cost 85,,
Celestial Blessing,,Buff,Light,Null,"Applies ""Radiant Overload"" and ""Solar Empowerment"" to self",TP Cost 75 MP Cost 65,,
Divine Judgment,,HP Damage,Light,a.mat * 6.5 - b.mdf * 0.7 + 65,"applies ""Light Siphon"" and ""Sunblind"" 95% chance",TP Cost 100 MP Cost 90,,
Chaotic Zone,,,,,,,,
Void Embrace,,Buff,NULL Element,Null,"Applies ""Void Touched"" and ""Abyssal Curse"" to self",TP Cost 80 MP Cost 70,,
Nullifying Strike,,HP Damage,Darkness,a.mat * 5.2 - b.mdf * 0.7 + 52,"Removes all buffs from the target, applies ""Soul Freeze"" 80% chance",TP Cost 100 MP Cost 95,,
Storm of Darkness,,Buff,Darkness,Null,"Applies ""Volcanic Instability"" to self, ""Ash Cloud"" to all battlers",TP Cost 85 MP Cost 75,,
Shadowbolt Barrage,,HP Damage,Darkness + Thunder,(a.mat * 3.3 - b.mdf * 0.7) + (a.mat * 3.3 - b.mdf * 0.7) + 66,"Hits random enemies 3-5 times, applies ""Paralysis"" 70% chance per hit",TP Cost 100 MP Cost 100,,
Shadow Fusion,,Hp Drain,NULL Element,: a.mat * 3.5 - b.mdf * 0.8 + 70,"Drains HP, applies ""Soulbound"" to self and target",TP Cost 50 MP Cost 40,,
Essence Drain,,Debuff,Darkness,Null,"Drains MP from all enemies, applies ""Soul Freeze"" 85% chance",TP Cost 55 MP Cost 45,,
Abyssal Scales,,Buff,Water,Null,"Applies ""Frost Armor"" and ""Divine Retribution"" to self",TP Cost 35,,
Corrupted Tidal Wave,,HP Damage,Water + Darkness,(a.mat * 3.4 - b.mdf * 0.7) + (a.mat * 3.4 - b.mdf * 0.7) + 68,"Hits all enemies, applies ""Hypothermia"" and ""Abyssal Curse"" 80% chance",TP Cost 60 MP Cost 50,,
Chaotic Regeneration,,Buff,NULL Element,Null,"Applies ""Frost Regeneration"" and ""Volcanic Instability"" to self",TP Cost 40 MP Cost 30,,
Multi-Elemental Breath,,HP Damage,Wind,a.mat * 5.5 - b.mdf * 0.7 + 55,"Hits all enemies with random elemental damage, applies corresponding elemental status 90% chance",TP Cost 65 MP Cost 55,,
Sky Devourer,,Buff,Wind,Null,"Applies ""Draconic Might"" and ""Glacial Momentum"" to self",TP Cost 40,,
Atmospheric Collapse,,HP Damage,Wind,a.mat * 5.6 - b.mdf * 0.7 + 56,": Hits all enemies, ignores target's evasion, applies ""Sunblind"" 95% chance",TP Cost 60 MP Cost 50,,
Overcharge,,Buff,Thunder,Null,"Applies ""Radiant Overload"" (but with Thunder instead of Light) to self",TP Cost 45 MP Cost 35,,
Chain Lightning,,HP Damage,Thunder,a.mat * 5.7 - b.mdf * 0.7 + 57,"Hits all enemies, each hit has a 80% chance to chain to another enemy",TP Cost 65 MP Cost 55,,
Eye of the Storm,,Buff,Darkness + Thunder,Null,"Applies ""Mirage Veil"" and ""Glacial Momentum"" to self",TP Cost 40,,
Tornado Assault,,HP Damage,Wind,a.mat * 5.8 - b.mdf * 0.7 + 58,"Hits random enemies 4-6 times, each hit applies ""Memory Lapse"" 50% chance",TP Cost 60 MP Cost 50,,
Abyssal Pressure,,Debuff,Water,Null,"Applies ""Crystallized"" and ""Hypothermia"" to all enemies",TP Cost 45 MP Cost 35,,
Tidal Devastation,,HP Damage,Water,a.mat * 6.0 - b.mdf * 0.7 + 60,"Hits all enemies, damage increases based on how many targets are affected by ""Hypothermia""",TP Cost 65 MP Cost 55,,
Chaotic Flux,,Buff,Darkness + Thunder,Null,"Applies ""Temporal Flux"" and ""Volcanic Instability"" to self",TP Cost 50 MP Cost 40,,
Reality Distortion,,HP Damage,Darkness + Thunder,(a.mat * 3.5 - b.mdf * 0.7) + (a.mat * 3.5 - b.mdf * 0.7) + 70,"Hits all enemies, applies ""Time Fracture"" and ""Paralysis"" 85% chance",TP Cost 70 MP Cost 60,,
Sovereign of the Depths,,Buff,Water,Null,"Applies ""Reality Anchor"" and ""Frost Regeneration"" to self",TP Cost 45,,
Abyssal Trident Strike,,HP Damage,Water,a.mat * 6.2 - b.mdf * 0.7 + 62,"Hits 3 random enemies, applies ""Cosmic Drain"" 80% chance",TP Cost 65 MP Cost 55,,
Otherworldly Presence,,Debuff,NULL Element,Null,"Applies ""Elemental Chaos"" to all enemies",TP Cost 50 MP Cost 40,,
Void Rift,,HP Damage,NULL Element,a.mat * 6.3 - b.mdf * 0.7 + 63,"Hits all enemies, ignores elemental resistances",TP Cost 70 MP Cost 60,,
Primordial Water Mastery,,Buff,Water,Null,"Applies ""Reality Anchor"" and ""Frost Armor"" to self",TP Cost 55 MP Cost 45,,
Tidal Cataclysm,,HP Damage,Water,a.mat * 7.0 - b.mdf * 0.7 + 70,"Hits all enemys applies ""Cosmic Drain"" and ""Hypothermia"" 95% chance",TP Cost 75 MP Cost 65,,
Storm Lord's Dominion,,Buff,Thunder,Null,"Applies ""Draconic Might"" and ""Radiant Overload"" (Thunder) to self",TP Cost 50,,
Thunderous Apocalypse,,HP Damage,Thunder,a.mat * 7.0 - b.mdf * 0.7 + 70,"Hits all enemies 2-4 times, each hit applies ""Paralysis"" 90% chance",TP Cost 70 MP Cost 60,,
Divine Terra Forma,,Buff,Earth,Null,"Applies ""Reality Anchor"" and ""Divine Retribution"" to self and all allies",TP Cost 55 MP Cost 45,,
Seismic Judgment,,HP Damage,Earth,a.mat * 8.0 - b.mdf * 0.7 + 80,"Hits all enemies, applies ""Crystallized"" and ""Cosmic Drain"" 100% chance",TP Cost 75 MP Cost 65,,
She'ol,,,,,,,,
Infernal Bastion,,Buff,NULL Element,Null,"Applies ""Magma Armor"" and ""Hellfire Aura"" to self",TP Cost 60 MP Cost 50,,
Hellforged Strike:,,HP Damage,Fire + Physical,(a.atk * 4.0 - b.def * 0.6) + (a.mat * 4.0 - b.mdf * 0.7) + 80,"Applies ""Scorched"" and ""Weakened"" 85% chance",TP Cost 80 MP Cost 70,,
Demonic Ascension,,Buff,Darkness,Null,"Applies ""Draconic Might"" and ""Molten Core"" to self",TP Cost 55,,
Infernal Devastation,,HP Damage,Fire + Darkness,(a.mat * 4.1 - b.mdf * 0.7) + (a.mat * 4.1 - b.mdf * 0.7) + 82,"Hits all enemies, applies ""Abyssal Curse"" 90% chance",TP Cost 75 MP Cost 65,,
Embrace of Agony,,Debuff,Darkness,Null,"Applies ""Soulbound"" to self and a random enemy",TP Cost 60 MP Cost 50,,
Anguished Wail,,HP Damage,Darkness,a.mat * 6.5 - b.mdf * 0.7 + 65,"Hits all enemies, damage increased by user's missing HP percentage",TP Cost 80 MP Cost 70,,
Chaotic Empowerment,,Buff,Darkness,Null,"Applies ""Molten Core"" and ""Draconic Might"" to self",TP Cost 65 MP Cost 55,,
Eldritch Blast,,HP Damage,NULL Element,a.mat * 6.6 - b.mdf * 0.7 + 66,"Hits 3 random enemies, each with a different random element",TP Cost 85 MP Cost 75,,
All-Seeing Eye,,Buff,Darkness,Null,"Applies ""Divine Retribution"" and removes all debuffs from self",TP Cost 60,,
Judgment of the Damned,,HP Damage,Light + Darkness,(a.mat * 4.2 - b.mdf * 0.7) + (a.mat * 4.2 - b.mdf * 0.7) + 84,Damage increases for each debuff on the target,TP Cost 80 MP Cost 70,,
Fractured Existence,,Buff,Darkness,Null,"Applies ""Ethereal Form"" to self",TP Cost 65 MP Cost 55,,
Reality Rend,,HP Damage,Darkness,a.mat * 6.7 - b.mdf * 0.7 + 67,"Hits all enemies, applies ""Soul Shatter"" 75% chance",TP Cost 85 MP Cost 75,,
Infernal Oath,,Buff,Darkness,Null,"Applies ""Magma Armor"" and ""Hellfire Aura"" to self",TP Cost 45 MP Cost 35,,
Hellbound Charge,,HP Damage,Fire + Physical,(a.atk * 4.3 - b.def * 0.6) + (a.mat * 4.3 - b.mdf * 0.7) + 86,"Applies ""Scorched"" and ""Weakened"" 90% chance",TP Cost 65 MP Cost 55,,
Dark Prophecy,,Debuff,Darkness,Null,"Applies ""Abyssal Curse"" and ""Soul Shatter"" to all enemies",TP Cost 45,,
Void Proclamation:,,HP Damage,Darkness,a.mat * 6.8 - b.mdf * 0.7 + 68,Damage increases for each debuff on the target,TP Cost 65 MP Cost 55,,
Hellish Authority:,,Buff,Darkness,Null,"Applies ""Draconic Might"" and ""Primordial Surge"" to self",TP Cost 45 MP Cost 35,,
Infernal Decree,,HP Damage,Fire + Darkness,(a.mat * 4.4 - b.mdf * 0.7) + (a.mat * 4.4 - b.mdf * 0.7) + 88,"Hits all enemies, applies ""Scorched"" and ""Soul Freeze"" 95% chance",TP Cost 65 MP Cost 55,,
Demonic Ascendance,,Buff,Darkness,Null,"Applies ""Hellfire Aura"", ""Draconic Might"", and ""Primordial Surge"" to self",TP Cost 45,,
Apocalyptic Flame,,HP Damage,Fire,a.mat * 7.2 - b.mdf * 0.7 + 72,"Hits all enemies, applies ""Scorched"" and ""Abyssal Curse"" 100% chance",TP Cost 65 MP Cost 55,,
Corrupted Divinity,,Buff,Light + Darkness,Null,"Applies ""Ethereal Form"" and ""Divine Retribution"" to self",TP Cost 50 MP Cost 40,,
Wings of Ruin,,HP Damage,Light + Darkness,(a.mat * 4.5 - b.mdf * 0.7) + (a.mat * 4.5 - b.mdf * 0.7) + 90,"Hits all enemies, applies ""Void Touched"" and ""Sunblind"" 90% chance",TP Cost 70 MP Cost 60,,
Twisted Faith,,Buff,Light + Darkness,Null,"Applies ""Primordial Surge"" and ""Reality Anchor"" to self",TP Cost 50,,
Blasphemous Miracle,,HP Damage,Darkness,(a.mat * 4.7 - b.mdf * 0.7) + (a.mat * 4.7 - b.mdf * 0.7) + 94,"Hits all enemies, applies ""Soul Shatter"" and ""Light Siphon"" 95% chance",TP Cost 70 MP Cost 60,,
Embodiment of Vice,,Buff,Light + Darkness,Null,"Applies ""Draconic Might"", ""Hellfire Aura"", and ""Ethereal Form"" to self",TP Cost 55 MP Cost 45,,
Seven Deadly Strikes,,HP Damage,Light + Darkness,a.mat * 7.5 - b.mdf * 0.7 + 75,"Hits random enemies 7 times, each hit applies a different negative status effect",TP Cost 75 MP Cost 65,,
Edge Of Eternity,,,,,,,,
Shattered Divinity,,Buff,NULL Element,Null,"Applies ""Primordial Surge"" and ""Divine Retribution"" to self",TP Cost 55,,
Fragmented Reality,,HP Damage,Light + Darkness,(a.mat * 4.6 - b.mdf * 0.7) + (a.mat * 4.6 - b.mdf * 0.7) + 92,"Hits all enemies, applies ""Time Fracture"" and ""Void Touched"" 95% chance",TP Cost 75 MP Cost 65,,
Cosmic Resonance,,Buff,NULL Element,Null,"Applies ""Ethereal Form"" and ""Solar Empowerment"" to self",TP Cost 55 MP Cost 45,,
Stellar Collapse,,HP Damage,Light,a.mat * 7.4 - b.mdf * 0.7 + 74,"applies ""Cosmic Drain"" and ""Sunblind"" 100% chance",TP Cost 80 MP Cost 70,,
Event Horizon,,Buff,NULL Element,Null,"Applies ""Cosmic Resonance"" and ""Mirage Veil"" to self",TP Cost 60 MP Cost 50,,
Gravitational Collapse,,HP Damage,Darkness,a.mat * 7.6 - b.mdf * 0.7 + 76 Effect: Hits all enemies,"applies ""Reality Warp"" 90% chance",TP Cost 80 MP Cost 70,,
Temporal Distortion,,Buff,NULL Element,Null,"Applies ""Time Fracture"" to all enemies and ""Radiant Overload"" to self",TP Cost 55,,
Chrono Burst,,HP Damage,Light,a.mat * 7.7 - b.mdf * 0.7 + 77,"Hits all enemies, damage increases based on battle duration",TP Cost 75 MP Cost 65,,
Spatial Anomaly,,Buff,Light + Darkness,Null,"Applies ""Ethereal Form"" and ""Reality Anchor"" to self",TP Cost 50 MP Cost 40,,
Void Implosion,,HP Damage,Darkness,a.mat * 7.8 - b.mdf * 0.7 + 78,"Hits all enemies, applies ""Void Corruption"" 95% chance",TP Cost 75 MP Cost 65,,
Divine Fury,,Buff,Light + Fire,Null,"Applies ""Draconic Might"" and ""Hellfire Aura"" to self",TP Cost 55 MP Cost 45,,
Cataclysmic Rampage,,HP Damage,Fire + Physical,(a.atk * 5.0 - b.def * 0.6) + (a.mat * 5.0 - b.mdf * 0.7) + 100,"Hits random enemies 5 times, each hit applies ""Scorched"" and ""Weakened"" 95% chance",TP Cost 80 MP Cost 70,,
Timeless Fortification,,Buff,NULL Element,Null,"Applies ""Reality Anchor"" and ""Divine Retribution"" to self",TP Cost 55,,
Eternal Slam,,HP Damage,Light + Physical,(a.atk * 5.1 - b.def * 0.6) + (a.mat * 5.1 - b.mdf * 0.7) + 102,"Hits all enemies, applies ""Time Fracture"" and ""Crystallized"" 100% chance",TP Cost 75 MP Cost 65,,
Cosmic Alignment,,Buff,NULL Element,Null,"Applies ""Cosmic Resonance"" and ""Primordial Surge"" to self",TP Cost 60 MP Cost 50,,
Reality Tear,,HP Damage,NULL Element,a.mat * 8.0 - b.mdf * 0.7 + 80,"Hits all enemies, applies ""Reality Warp"" and ""Void Corruption"" 95% chance",TP Cost 85 MP Cost 75,,
Ascension,,Buff,Light,Null,"Applies ""Draconic Might"", ""Radiant Overload"", and ""Divine Retribution"" to self",TP Cost 65 MP Cost 55,,
Divine Wrath,,HP Damage,Light,a.mat * 8.2 - b.mdf * 0.7 + 82,"applies ""Sunblind"" and ""Soul Shatter"" 100% chance",TP Cost 90 MP Cost 80,,
Shattered Omnipotence,,Buff,NULL Element,Null,"Applies ""Cosmic Resonance"", ""Ethereal Form"", and ""Reality Anchor"" to self",TP Cost 70 MP Cost 60,,
Fractured Reality,,HP Damage,Light + Darkness,(a.mat * 5.2 - b.mdf * 0.7) + (a.mat * 5.2 - b.mdf * 0.7) + 104,"Hits all enemies, applies ""Reality Warp"" and ""Time Fracture"" 100% chance",TP Cost 95 MP Cost 85,,
Unified Divinity,,Buff,NULL Element,Null,"Applies ""Primordial Surge"", ""Draconic Might"", and ""Divine Retribution"" to self",TP Cost 75 MP Cost 65,,
Omniversal Collapse,,HP Damage,NULL Element,a.mat * 8.5 - b.mdf * 0.7 + 85,"Hits all enemies with all elements, applies a random negative status effect to each target 100% chance",TP Cost 100 MP Cost 90,,
Absolute Divinity,,Buff,NULL Element,Null,Applies nearly positive status effects to self,TP Cost 80 MP Cost 70,,
Apocalypse,,HP Damage,Light + Darkness,(a.mat * 5.5 - b.mdf * 0.7) + (a.mat * 5.5 - b.mdf * 0.7) + 110,"Hits all enemies, applies all negative status effects 100% chance",TP Cost 100 MP Cost 95,,
Interdimensional Scales,,Buff,NULL Element,Null,"Applies ""Reality Anchor"" and ""Cosmic Resonance"" to self",TP Cost 65 MP Cost 55,,
Void Fang Strike,,HP Damage,NULL Element,a.mat * 9.0 - b.mdf * 0.7 + 90,"applies ""Void Corruption"" and ""Soul Shatter"" 100% chance",TP Cost 85 MP Cost 75,,
Grand Palace Of She'ol,,,,,,,,
Covetous Aura,,Buff,Darkness,Null,"Applies ""Mirage Veil"" and ""Draconic Might"" to self",TP Cost 50 MP Cost 40,,
Spiteful Lash,,HP Damage,Darkness,a.mat * 8.0 - b.mdf * 0.7 + 80,"applies ""Covetous Gaze"" 90% chance",TP Cost 70 MP Cost 60,,
Insatiable Hunger,,Buff,Darkness,Null,"Applies ""Hellfire Aura"" and ""Primordial Surge"" to self",TP Cost 55 MP Cost 45,,
Devouring Grasp,,Hp Drain,Darkness,a.mat * 8.0 - b.mdf * 0.8 + 80,"drains HP and MP, applies ""Avaricious Aura"" 90% chance",TP Cost 75 MP Cost 65,,
Consuming Void,,Buff,Darkness,Null,"Applies ""Magma Armor"" and ""Frost Regeneration"" to self",TP Cost 55,,
Ravenous Bite,,HP Damage,Darkness,a.atk * 8.0 - b.def * 0.6 + 80,"applies ""Insatiable Hunger"" 95% chance",TP Cost 75 MP Cost 65,,
Lethargic Field,,Debuff,Darkness,Null,"Applies ""Entropic Lethargy"" to a single enemy",TP Cost 55 MP Cost 45,,
Entropy Touch,,HP Damage,Darkness,a.mat * 8.0 - b.mdf * 0.7 + 80,"extends duration of ""Entropic Lethargy"" if present",TP Cost 75 MP Cost 65,,
Irresistible Allure,,Debuff,Darkness,Null,"Applies ""Seductive Charm"" to a single enemy",TP Cost 50,,
Passionate Strike,,HP Damage,Darkness,a.atk * 8.0 - b.def * 0.6 + 80,"damage increases if target is affected by ""Seductive Charm""",TP Cost 70 MP Cost 60,,
Superiority Complex,,Buff,Darkness,Null,"Applies ""Draconic Might"" and ""Divine Retribution"" to self",TP Cost 60 MP Cost 50,,
Crushing Contempt,,HP Damage,Darkness,a.mat * 8.0 - b.mdf * 0.7 + 80,"applies ""Overwhelming Pride"" 95% chance",TP Cost 80 MP Cost 70,,
Supreme Ego,,Buff,Darkness,Null,"Applies ""Radiant Overload"" and ""Reality Anchor"" to self",TP Cost 55 MP Cost 45,,
Dominating Presence,,HP Damage,Darkness,a.mat * 8.5 - b.mdf * 0.7 + 85,"applies ""Blinding Arrogance"" 100% chance",TP Cost 75 MP Cost 65,,
Mastermind's Gambit,,Buff,Darkness,Null,"Applies ""Mirage Veil"" and ""Cosmic Resonance"" to self",TP Cost 60,,
Calculated Strike,,HP Damage,Darkness,a.mat * 8.5 - b.mdf * 0.7 + 85,"applies ""Chaotic Brilliance"" 95% chance",TP Cost 80 MP Cost 70,,
False Wisdom,,Buff,Darkness,Null,"Applies ""Ethereal Form"" and ""Primordial Surge"" to self",TP Cost 60 MP Cost 50,,
Knowledge Drain,,HP Damage,Darkness,a.mat * 8.5 - b.mdf * 0.7 + 85,"drains MP and applies ""Memory Lapse"" 100% chance",TP Cost 80 MP Cost 70,,
Spiteful Rejection,,Buff,Darkness,Null,"Applies ""Divine Retribution"" and ""Void Corruption"" to self",TP Cost 65 MP Cost 55,,
Thankless Assault,,HP Damage,Darkness,a.mat * 8.5 - b.mdf * 0.7 + 85,"applies ""Temporal Decay"" 90% chance",TP Cost 85 MP Cost 75,,
Shadow Embodiment,,Buff,Darkness,Null,"Applies ""Ethereal Form"" and ""Abyssal Curse"" to self",TP Cost 65,,
Void Absorption,,HP Damage,Darkness,a.mat * 8.7 - b.mdf * 0.7 + 87,"applies ""Void Consumption"" 100% chance",TP Cost 85 MP Cost 75,,
Corrupted Grace,,Buff,Darkness,Null,"Applies ""Radiant Overload"" and ""Hellfire Aura"" to self",TP Cost 70 MP Cost 60,,
Seduction of the Damned,,HP Damage,Light + Darkness,(a.mat * 5.5 - b.mdf * 0.7) + (a.mat * 5.5 - b.mdf * 0.7) + 110,"applies ""Seductive Charm"" and ""Corrupted Divinity"" 100% chance",TP Cost 90 MP Cost 80,,
Lord of Lies,,Buff,Darkness,Null,"Applies ""Mirage Veil"" and ""Reality Anchor"" to self",TP Cost 70,,
Deceptive Strike,,HP Damage,Darkness,a.mat * 9.0 - b.mdf * 0.7 + 90,"applies ""Chaotic Brilliance"" and ""Blinding Arrogance"" 100% chance",TP Cost 90 MP Cost 80,,
Chaos Incarnate,,Buff,Darkness,Null,"Applies ""Draconic Might"" and ""Volcanic Instability"" to self",TP Cost 75 MP Cost 65,,
Reality Distortion,,HP Damage,NULL Element,a.mat * 9.0 - b.mdf * 0.7 + 90,"applies ""Primordial Instability"" 100% chance",TP Cost 95 MP Cost 85,,
Prince of Lust,,Buff,Darkness,Null,"Applies ""Radiant Overload"" and ""Primordial Surge"" to self",TP Cost 75,,
Irresistible Destruction,,HP Damage,Fire + Darkness,(a.mat * 5.5 - b.mdf * 0.7) + (a.mat * 5.5 - b.mdf * 0.7) + 110,"applies ""Seductive Charm"" and ""Scorched"" 100% chance",TP Cost 95 MP Cost 85,,
Hellfire Manifestation,,Buff,Light + Fire,Null,"Applies ""Hellfire Aura"" and ""Magma Armor"" to self",TP Cost 80 MP Cost 70,,
Infernal Conflagration,,HP Damage,Fire,a.mat * 9.0 - b.mdf * 0.7 + 90,"applies ""Scorched"" and ""Void Corruption"" 100% chanc",TP Cost 100 MP Cost 90,,
Light Bringer's Fall,,Buff,Light + Darkness,Null,Applies all positive status effects to self,TP Cost 85 MP Cost 75,,
Paradise Lost,,HP Damage,Light + Darkness,(a.mat * 6.0 - b.mdf * 0.7) + (a.mat * 6.0 - b.mdf * 0.7) + 120,"applies ""Corrupted Divinity"" and two random negative status effects 100% chance",TP Cost 100 MP Cost 95,,
Outside Eternity,,,,,,,,
Abstract Hunger,,Buff,Null Element,Null,"Applies ""Reality Rejection"" to self",TP Cost 90 MP Cost 80,,
Concept Devourer,,HP Damage,Null Element,a.mat * 9.5 - b.mdf * 0.7 + 95,"applies ""Conceptual Erasure"" 100% chance",TP Cost 100 MP Cost 100,,
Logical Impossibility,,Buff,Null Element,Null,"Applies ""Omega Surge"" and ""Time Fracture"" to self",TP Cost 75 MP Cost 65,,
Paradoxical Eradication,,HP Damage,Null Element,(a.mat * 6.5 - b.mdf * 0.7) + (a.mat * 6.5 - b.mdf * 0.7) + 130,"applies ""Reality Warp"" and ""Existential Drain"" 100% chance",TP Cost 95 MP Cost 85,,
Void Manifestation,,Buff,Null Element,Null,"Applies ""Reality Rejection"" and ""Ethereal Form"" to self",TP Cost 75,,
Nihility Burst,,HP Damage,Null Element,a.mat * 10.0 - b.mdf * 0.7 + 100,"applies ""Void Corruption"" and ""Soul Shatter"" 100% chance",TP Cost 95 MP Cost 85,,
System Error,,Buff,Null Element,Null,"Applies ""Chaotic Brilliance"" and ""Primordial Instability"" to self",TP Cost 80 MP Cost 70,,
Code Corruption,,HP Damage,Null Element,a.mat * 10.0 - b.mdf * 0.7 + 100,"applies ""Reality Warp"" and ""Conceptual Erasure"" 100% chance",TP Cost 100 MP Cost 90,,
Heat Death,,Buff,Null Element,Null,"Applies ""Omega Surge"" and ""Hellfire Aura"" to self",TP Cost 75 MP Cost 65,,
Entropy Acceleration,,HP Damage,Null Element,(a.mat * 6.5 - b.mdf * 0.7) + (a.mat * 6.5 - b.mdf * 0.7) + 130,"applies ""Temporal Decay"" and ""Existential Drain"" 100% chance",TP Cost 95 MP Cost 85,,
Cosmic Weave,,Buff,Null Element,Null,"Applies ""Reality Rejection"" and ""Divine Retribution"" to self",TP Cost 80,,
Unravel Existence,,HP Damage,Null Element,a.mat * 10.5 - b.mdf * 0.7 + 105,removes all buffs and applies all negative status effects 100% chance,TP Cost 100 MP Cost 90,,
Absolute Void,,Buff,Null Element,Null,"Applies ""Reality Rejection"", ""Ethereal Form"", and ""Omega Surge"" to self",TP Cost 85 MP Cost 75,,
Existential Annihilation,,HP Damage,Null Element,a.mat * 11.0 - b.mdf * 0.7 + 110,"Hits all enemies, applies ""Existential Drain"" and ""Conceptual Erasure"" 100% chance",TP Cost 100 MP Cost 95,,
Divine Paradox,,Buff,Null Element,Null,"Applies ""Radiant Overload"", ""Corrupted Divinity"", and ""Reality Rejection"" to self",TP Cost 90 MP Cost 80,,
Redemptive Destruction,,HP Damage,Null Element,(a.mat * 7.5 - b.mdf * 0.7) + (a.mat * 7.5 - b.mdf * 0.7) + 150,"applies ""Soul Shatter"" and heals the target for 50% of the damage dealt",TP Cost 100 MP Cost 100,,
Heat Death Incarnate,,Buff,Null Element,Null,"Applies ""Cosmic Drain"" and ""Primordial Surge""",TP Cost 85 MP Cost 75,,
Entropy Acceleration,,HP Damage,Null Element,(a.mat * 7.0 - b.mdf * 0.7) + (a.mat * 7.0 - b.mdf * 0.7) + 140,"applies ""Temporal Decay"" and ""Existential Drain"" 100% chance",TP Cost 100 MP Cost 95,,
Blinding Darkness:,,Buff,Null Element,Null,"Applies ""Radiant Overload"" and ""Void Corruption""",TP Cost 90,,
Paradox Beam,,HP Damage,Null Element,(a.mat * 7.0 - b.mdf * 0.7) + (a.mat * 7.0 - b.mdf * 0.7) + 140,"applies ""Sunblind"" and ""Soul Freeze"" 100% chance",TP Cost 100 MP Cost 100,,
Cosmic Understanding,,Buff,Null Element,Null,"Applies ""Reality Anchor"" and ""Cosmic Resonance""",TP Cost 85 MP Cost 75,,
Mind Shatter,,HP Damage,Null Element,a.mat * 11.0 - b.mdf * 0.7 + 110,"applies ""Memory Lapse"" and ""Conceptual Erasure"" 100% chance",TP Cost 100 MP Cost 95,,
Paradoxical Combustion,,Buff,Null Element,Null,"Applies ""Molten Core"" and ""Absolute Zero"" to self",TP Cost 90 MP Cost 80,,
Cryogenic Inferno,,HP Damage,Null Element,(a.mat * 7.5 - b.mdf * 0.7) + (a.mat * 7.5 - b.mdf * 0.7) + 150,"applies ""Scorched"" and ""Frozen Solid"" 100% chance",TP Cost 100 MP Cost 100,,
State Flux,,Buff,Null Element,Null,"Applies ""Quantum Flux"" and ""Volcanic Instability""",TP Cost 90,,
Impossible Physics,,HP Damage,Null Element,(a.mat * 7.5 - b.mdf * 0.7) + (a.mat * 7.5 - b.mdf * 0.7) + 150,"applies ""Hypothermia"" and ""Void Corruption"" 100% chance",TP Cost 100 MP Cost 100,,
Divine Contradiction,,Buff,Null Element,Null,"Applies ""Divine Retribution"" and ""Abyssal Curse""",TP Cost 95 MP Cost 85,,
Compassionate Execution,,HP Damage,Null Element,a.mat * 12.0 - b.mdf * 0.7 + 120,"instantly defeats target if their HP is below 30%, otherwise applies ""Soul Shatter"" 100% chance",TP Cost 100 MP Cost 100,,
